--
-- PostgreSQL database dump
--

-- Dumped from database version 12.9 (Ubuntu 12.9-2.pgdg20.04+1)
-- Dumped by pg_dump version 12.9 (Ubuntu 12.9-2.pgdg20.04+1)

SET statement_timeout = 0;
SET lock_timeout = 0;
SET idle_in_transaction_session_timeout = 0;
SET client_encoding = 'UTF8';
SET standard_conforming_strings = on;
SELECT pg_catalog.set_config('search_path', '', false);
SET check_function_bodies = false;
SET xmloption = content;
SET client_min_messages = warning;
SET row_security = off;

DROP DATABASE universe;
--
-- Name: universe; Type: DATABASE; Schema: -; Owner: freecodecamp
--

CREATE DATABASE universe WITH TEMPLATE = template0 ENCODING = 'UTF8' LC_COLLATE = 'C.UTF-8' LC_CTYPE = 'C.UTF-8';


ALTER DATABASE universe OWNER TO freecodecamp;

\connect universe

SET statement_timeout = 0;
SET lock_timeout = 0;
SET idle_in_transaction_session_timeout = 0;
SET client_encoding = 'UTF8';
SET standard_conforming_strings = on;
SELECT pg_catalog.set_config('search_path', '', false);
SET check_function_bodies = false;
SET xmloption = content;
SET client_min_messages = warning;
SET row_security = off;

SET default_tablespace = '';

SET default_table_access_method = heap;

--
-- Name: galaxy; Type: TABLE; Schema: public; Owner: freecodecamp
--

CREATE TABLE public.galaxy (
    galaxy_id integer NOT NULL,
    name character varying(60),
    "int" integer,
    int1 integer,
    "numeric" numeric,
    text text,
    bool boolean,
    bool1 boolean,
    star integer,
    int2 integer NOT NULL
);


ALTER TABLE public.galaxy OWNER TO freecodecamp;

--
-- Name: galaxy_galaxy_id_seq; Type: SEQUENCE; Schema: public; Owner: freecodecamp
--

CREATE SEQUENCE public.galaxy_galaxy_id_seq
    AS integer
    START WITH 1
    INCREMENT BY 1
    NO MINVALUE
    NO MAXVALUE
    CACHE 1;


ALTER TABLE public.galaxy_galaxy_id_seq OWNER TO freecodecamp;

--
-- Name: galaxy_galaxy_id_seq; Type: SEQUENCE OWNED BY; Schema: public; Owner: freecodecamp
--

ALTER SEQUENCE public.galaxy_galaxy_id_seq OWNED BY public.galaxy.galaxy_id;


--
-- Name: galaxy_int2_seq; Type: SEQUENCE; Schema: public; Owner: freecodecamp
--

CREATE SEQUENCE public.galaxy_int2_seq
    AS integer
    START WITH 1
    INCREMENT BY 1
    NO MINVALUE
    NO MAXVALUE
    CACHE 1;


ALTER TABLE public.galaxy_int2_seq OWNER TO freecodecamp;

--
-- Name: galaxy_int2_seq; Type: SEQUENCE OWNED BY; Schema: public; Owner: freecodecamp
--

ALTER SEQUENCE public.galaxy_int2_seq OWNED BY public.galaxy.int2;


--
-- Name: moon; Type: TABLE; Schema: public; Owner: freecodecamp
--

CREATE TABLE public.moon (
    moon_id integer NOT NULL,
    name character varying(60),
    moon integer,
    "int" integer NOT NULL,
    int1 integer NOT NULL
);


ALTER TABLE public.moon OWNER TO freecodecamp;

--
-- Name: moon_int1_seq; Type: SEQUENCE; Schema: public; Owner: freecodecamp
--

CREATE SEQUENCE public.moon_int1_seq
    AS integer
    START WITH 1
    INCREMENT BY 1
    NO MINVALUE
    NO MAXVALUE
    CACHE 1;


ALTER TABLE public.moon_int1_seq OWNER TO freecodecamp;

--
-- Name: moon_int1_seq; Type: SEQUENCE OWNED BY; Schema: public; Owner: freecodecamp
--

ALTER SEQUENCE public.moon_int1_seq OWNED BY public.moon.int1;


--
-- Name: moon_int_seq; Type: SEQUENCE; Schema: public; Owner: freecodecamp
--

CREATE SEQUENCE public.moon_int_seq
    AS integer
    START WITH 1
    INCREMENT BY 1
    NO MINVALUE
    NO MAXVALUE
    CACHE 1;


ALTER TABLE public.moon_int_seq OWNER TO freecodecamp;

--
-- Name: moon_int_seq; Type: SEQUENCE OWNED BY; Schema: public; Owner: freecodecamp
--

ALTER SEQUENCE public.moon_int_seq OWNED BY public.moon."int";


--
-- Name: moon_moon_id_seq; Type: SEQUENCE; Schema: public; Owner: freecodecamp
--

CREATE SEQUENCE public.moon_moon_id_seq
    AS integer
    START WITH 1
    INCREMENT BY 1
    NO MINVALUE
    NO MAXVALUE
    CACHE 1;


ALTER TABLE public.moon_moon_id_seq OWNER TO freecodecamp;

--
-- Name: moon_moon_id_seq; Type: SEQUENCE OWNED BY; Schema: public; Owner: freecodecamp
--

ALTER SEQUENCE public.moon_moon_id_seq OWNED BY public.moon.moon_id;


--
-- Name: planet; Type: TABLE; Schema: public; Owner: freecodecamp
--

CREATE TABLE public.planet (
    planet_id integer NOT NULL,
    name character varying(60),
    moon integer,
    "int" integer NOT NULL,
    int1 integer NOT NULL
);


ALTER TABLE public.planet OWNER TO freecodecamp;

--
-- Name: planet_int1_seq; Type: SEQUENCE; Schema: public; Owner: freecodecamp
--

CREATE SEQUENCE public.planet_int1_seq
    AS integer
    START WITH 1
    INCREMENT BY 1
    NO MINVALUE
    NO MAXVALUE
    CACHE 1;


ALTER TABLE public.planet_int1_seq OWNER TO freecodecamp;

--
-- Name: planet_int1_seq; Type: SEQUENCE OWNED BY; Schema: public; Owner: freecodecamp
--

ALTER SEQUENCE public.planet_int1_seq OWNED BY public.planet.int1;


--
-- Name: planet_int_seq; Type: SEQUENCE; Schema: public; Owner: freecodecamp
--

CREATE SEQUENCE public.planet_int_seq
    AS integer
    START WITH 1
    INCREMENT BY 1
    NO MINVALUE
    NO MAXVALUE
    CACHE 1;


ALTER TABLE public.planet_int_seq OWNER TO freecodecamp;

--
-- Name: planet_int_seq; Type: SEQUENCE OWNED BY; Schema: public; Owner: freecodecamp
--

ALTER SEQUENCE public.planet_int_seq OWNED BY public.planet."int";


--
-- Name: planet_planet_id_seq; Type: SEQUENCE; Schema: public; Owner: freecodecamp
--

CREATE SEQUENCE public.planet_planet_id_seq
    AS integer
    START WITH 1
    INCREMENT BY 1
    NO MINVALUE
    NO MAXVALUE
    CACHE 1;


ALTER TABLE public.planet_planet_id_seq OWNER TO freecodecamp;

--
-- Name: planet_planet_id_seq; Type: SEQUENCE OWNED BY; Schema: public; Owner: freecodecamp
--

ALTER SEQUENCE public.planet_planet_id_seq OWNED BY public.planet.planet_id;


--
-- Name: rohit; Type: TABLE; Schema: public; Owner: freecodecamp
--

CREATE TABLE public.rohit (
    rohit_id integer NOT NULL,
    name character varying(60),
    "int" integer NOT NULL,
    int1 integer NOT NULL,
    int2 integer NOT NULL
);


ALTER TABLE public.rohit OWNER TO freecodecamp;

--
-- Name: rohit_int1_seq; Type: SEQUENCE; Schema: public; Owner: freecodecamp
--

CREATE SEQUENCE public.rohit_int1_seq
    AS integer
    START WITH 1
    INCREMENT BY 1
    NO MINVALUE
    NO MAXVALUE
    CACHE 1;


ALTER TABLE public.rohit_int1_seq OWNER TO freecodecamp;

--
-- Name: rohit_int1_seq; Type: SEQUENCE OWNED BY; Schema: public; Owner: freecodecamp
--

ALTER SEQUENCE public.rohit_int1_seq OWNED BY public.rohit.int1;


--
-- Name: rohit_int2_seq; Type: SEQUENCE; Schema: public; Owner: freecodecamp
--

CREATE SEQUENCE public.rohit_int2_seq
    AS integer
    START WITH 1
    INCREMENT BY 1
    NO MINVALUE
    NO MAXVALUE
    CACHE 1;


ALTER TABLE public.rohit_int2_seq OWNER TO freecodecamp;

--
-- Name: rohit_int2_seq; Type: SEQUENCE OWNED BY; Schema: public; Owner: freecodecamp
--

ALTER SEQUENCE public.rohit_int2_seq OWNED BY public.rohit.int2;


--
-- Name: rohit_int_seq; Type: SEQUENCE; Schema: public; Owner: freecodecamp
--

CREATE SEQUENCE public.rohit_int_seq
    AS integer
    START WITH 1
    INCREMENT BY 1
    NO MINVALUE
    NO MAXVALUE
    CACHE 1;


ALTER TABLE public.rohit_int_seq OWNER TO freecodecamp;

--
-- Name: rohit_int_seq; Type: SEQUENCE OWNED BY; Schema: public; Owner: freecodecamp
--

ALTER SEQUENCE public.rohit_int_seq OWNED BY public.rohit."int";


--
-- Name: rohit_rohit_id_seq; Type: SEQUENCE; Schema: public; Owner: freecodecamp
--

CREATE SEQUENCE public.rohit_rohit_id_seq
    AS integer
    START WITH 1
    INCREMENT BY 1
    NO MINVALUE
    NO MAXVALUE
    CACHE 1;


ALTER TABLE public.rohit_rohit_id_seq OWNER TO freecodecamp;

--
-- Name: rohit_rohit_id_seq; Type: SEQUENCE OWNED BY; Schema: public; Owner: freecodecamp
--

ALTER SEQUENCE public.rohit_rohit_id_seq OWNED BY public.rohit.rohit_id;


--
-- Name: star; Type: TABLE; Schema: public; Owner: freecodecamp
--

CREATE TABLE public.star (
    star_id integer NOT NULL,
    name character varying(60),
    "int" integer,
    star integer,
    planet integer,
    int1 integer NOT NULL
);


ALTER TABLE public.star OWNER TO freecodecamp;

--
-- Name: star_int1_seq; Type: SEQUENCE; Schema: public; Owner: freecodecamp
--

CREATE SEQUENCE public.star_int1_seq
    AS integer
    START WITH 1
    INCREMENT BY 1
    NO MINVALUE
    NO MAXVALUE
    CACHE 1;


ALTER TABLE public.star_int1_seq OWNER TO freecodecamp;

--
-- Name: star_int1_seq; Type: SEQUENCE OWNED BY; Schema: public; Owner: freecodecamp
--

ALTER SEQUENCE public.star_int1_seq OWNED BY public.star.int1;


--
-- Name: star_star_id_seq; Type: SEQUENCE; Schema: public; Owner: freecodecamp
--

CREATE SEQUENCE public.star_star_id_seq
    AS integer
    START WITH 1
    INCREMENT BY 1
    NO MINVALUE
    NO MAXVALUE
    CACHE 1;


ALTER TABLE public.star_star_id_seq OWNER TO freecodecamp;

--
-- Name: star_star_id_seq; Type: SEQUENCE OWNED BY; Schema: public; Owner: freecodecamp
--

ALTER SEQUENCE public.star_star_id_seq OWNED BY public.star.star_id;


--
-- Name: galaxy galaxy_id; Type: DEFAULT; Schema: public; Owner: freecodecamp
--

ALTER TABLE ONLY public.galaxy ALTER COLUMN galaxy_id SET DEFAULT nextval('public.galaxy_galaxy_id_seq'::regclass);


--
-- Name: galaxy int2; Type: DEFAULT; Schema: public; Owner: freecodecamp
--

ALTER TABLE ONLY public.galaxy ALTER COLUMN int2 SET DEFAULT nextval('public.galaxy_int2_seq'::regclass);


--
-- Name: moon moon_id; Type: DEFAULT; Schema: public; Owner: freecodecamp
--

ALTER TABLE ONLY public.moon ALTER COLUMN moon_id SET DEFAULT nextval('public.moon_moon_id_seq'::regclass);


--
-- Name: moon int; Type: DEFAULT; Schema: public; Owner: freecodecamp
--

ALTER TABLE ONLY public.moon ALTER COLUMN "int" SET DEFAULT nextval('public.moon_int_seq'::regclass);


--
-- Name: moon int1; Type: DEFAULT; Schema: public; Owner: freecodecamp
--

ALTER TABLE ONLY public.moon ALTER COLUMN int1 SET DEFAULT nextval('public.moon_int1_seq'::regclass);


--
-- Name: planet planet_id; Type: DEFAULT; Schema: public; Owner: freecodecamp
--

ALTER TABLE ONLY public.planet ALTER COLUMN planet_id SET DEFAULT nextval('public.planet_planet_id_seq'::regclass);


--
-- Name: planet int; Type: DEFAULT; Schema: public; Owner: freecodecamp
--

ALTER TABLE ONLY public.planet ALTER COLUMN "int" SET DEFAULT nextval('public.planet_int_seq'::regclass);


--
-- Name: planet int1; Type: DEFAULT; Schema: public; Owner: freecodecamp
--

ALTER TABLE ONLY public.planet ALTER COLUMN int1 SET DEFAULT nextval('public.planet_int1_seq'::regclass);


--
-- Name: rohit rohit_id; Type: DEFAULT; Schema: public; Owner: freecodecamp
--

ALTER TABLE ONLY public.rohit ALTER COLUMN rohit_id SET DEFAULT nextval('public.rohit_rohit_id_seq'::regclass);


--
-- Name: rohit int; Type: DEFAULT; Schema: public; Owner: freecodecamp
--

ALTER TABLE ONLY public.rohit ALTER COLUMN "int" SET DEFAULT nextval('public.rohit_int_seq'::regclass);


--
-- Name: rohit int1; Type: DEFAULT; Schema: public; Owner: freecodecamp
--

ALTER TABLE ONLY public.rohit ALTER COLUMN int1 SET DEFAULT nextval('public.rohit_int1_seq'::regclass);


--
-- Name: rohit int2; Type: DEFAULT; Schema: public; Owner: freecodecamp
--

ALTER TABLE ONLY public.rohit ALTER COLUMN int2 SET DEFAULT nextval('public.rohit_int2_seq'::regclass);


--
-- Name: star star_id; Type: DEFAULT; Schema: public; Owner: freecodecamp
--

ALTER TABLE ONLY public.star ALTER COLUMN star_id SET DEFAULT nextval('public.star_star_id_seq'::regclass);


--
-- Name: star int1; Type: DEFAULT; Schema: public; Owner: freecodecamp
--

ALTER TABLE ONLY public.star ALTER COLUMN int1 SET DEFAULT nextval('public.star_int1_seq'::regclass);


--
-- Data for Name: galaxy; Type: TABLE DATA; Schema: public; Owner: freecodecamp
--

INSERT INTO public.galaxy VALUES (1, 'asd', 1, 1, 1, 'asd', true, false, NULL, 1);
INSERT INTO public.galaxy VALUES (2, 'asd', 2, NULL, NULL, NULL, NULL, NULL, NULL, 2);
INSERT INTO public.galaxy VALUES (3, 'asd', 3, NULL, NULL, NULL, NULL, NULL, NULL, 3);
INSERT INTO public.galaxy VALUES (4, 'asd', 4, NULL, NULL, NULL, NULL, NULL, NULL, 4);
INSERT INTO public.galaxy VALUES (5, 'asd', 5, NULL, NULL, NULL, NULL, NULL, NULL, 5);
INSERT INTO public.galaxy VALUES (6, 'asd', 6, NULL, NULL, NULL, NULL, NULL, NULL, 6);


--
-- Data for Name: moon; Type: TABLE DATA; Schema: public; Owner: freecodecamp
--

INSERT INTO public.moon VALUES (1, 'asd', 1, 1, 1);
INSERT INTO public.moon VALUES (2, NULL, NULL, 1, 2);
INSERT INTO public.moon VALUES (3, NULL, NULL, 2, 3);
INSERT INTO public.moon VALUES (4, NULL, NULL, 3, 4);
INSERT INTO public.moon VALUES (7, NULL, NULL, 4, 5);
INSERT INTO public.moon VALUES (8, NULL, NULL, 5, 6);
INSERT INTO public.moon VALUES (9, NULL, NULL, 6, 7);
INSERT INTO public.moon VALUES (10, NULL, NULL, 10, 8);
INSERT INTO public.moon VALUES (11, NULL, NULL, 11, 9);
INSERT INTO public.moon VALUES (12, NULL, NULL, 12, 10);
INSERT INTO public.moon VALUES (13, NULL, NULL, 13, 11);
INSERT INTO public.moon VALUES (14, NULL, NULL, 14, 12);
INSERT INTO public.moon VALUES (15, NULL, NULL, 15, 13);
INSERT INTO public.moon VALUES (16, NULL, NULL, 16, 14);
INSERT INTO public.moon VALUES (17, NULL, NULL, 17, 15);
INSERT INTO public.moon VALUES (18, NULL, NULL, 18, 16);
INSERT INTO public.moon VALUES (19, NULL, NULL, 19, 17);
INSERT INTO public.moon VALUES (20, NULL, NULL, 20, 18);
INSERT INTO public.moon VALUES (5, NULL, NULL, 5, 19);
INSERT INTO public.moon VALUES (6, NULL, NULL, 6, 20);


--
-- Data for Name: planet; Type: TABLE DATA; Schema: public; Owner: freecodecamp
--

INSERT INTO public.planet VALUES (1, 'asd', 1, 1, 1);
INSERT INTO public.planet VALUES (2, NULL, NULL, 2, 2);
INSERT INTO public.planet VALUES (3, NULL, NULL, 3, 3);
INSERT INTO public.planet VALUES (4, NULL, NULL, 4, 4);
INSERT INTO public.planet VALUES (5, NULL, NULL, 5, 5);
INSERT INTO public.planet VALUES (6, NULL, NULL, 6, 6);
INSERT INTO public.planet VALUES (7, NULL, NULL, 7, 7);
INSERT INTO public.planet VALUES (8, NULL, NULL, 8, 8);
INSERT INTO public.planet VALUES (9, NULL, NULL, 9, 9);
INSERT INTO public.planet VALUES (10, NULL, NULL, 10, 10);
INSERT INTO public.planet VALUES (11, NULL, NULL, 11, 11);
INSERT INTO public.planet VALUES (12, NULL, NULL, 12, 12);
INSERT INTO public.planet VALUES (13, NULL, NULL, 13, 13);
INSERT INTO public.planet VALUES (14, NULL, NULL, 14, 14);
INSERT INTO public.planet VALUES (15, NULL, NULL, 15, 15);
INSERT INTO public.planet VALUES (16, NULL, NULL, 16, 16);
INSERT INTO public.planet VALUES (17, NULL, NULL, 17, 17);
INSERT INTO public.planet VALUES (18, NULL, NULL, 18, 18);
INSERT INTO public.planet VALUES (19, NULL, NULL, 19, 19);
INSERT INTO public.planet VALUES (20, NULL, NULL, 20, 20);


--
-- Data for Name: rohit; Type: TABLE DATA; Schema: public; Owner: freecodecamp
--

INSERT INTO public.rohit VALUES (1, NULL, 1, 1, 1);
INSERT INTO public.rohit VALUES (2, NULL, 2, 2, 2);
INSERT INTO public.rohit VALUES (3, NULL, 3, 3, 3);
INSERT INTO public.rohit VALUES (4, NULL, 4, 4, 4);


--
-- Data for Name: star; Type: TABLE DATA; Schema: public; Owner: freecodecamp
--

INSERT INTO public.star VALUES (1, 'asd', 1, NULL, NULL, 1);
INSERT INTO public.star VALUES (2, 'asd', 2, NULL, NULL, 2);
INSERT INTO public.star VALUES (3, 'asd', 3, NULL, NULL, 3);
INSERT INTO public.star VALUES (4, 'asd', 4, NULL, NULL, 4);
INSERT INTO public.star VALUES (5, 'asd', 5, NULL, NULL, 5);
INSERT INTO public.star VALUES (6, 'asd', 6, NULL, NULL, 6);
INSERT INTO public.star VALUES (21, NULL, NULL, NULL, NULL, 7);
INSERT INTO public.star VALUES (30, NULL, NULL, NULL, NULL, 8);
INSERT INTO public.star VALUES (33, NULL, NULL, NULL, NULL, 9);
INSERT INTO public.star VALUES (7, NULL, 7, NULL, NULL, 10);
INSERT INTO public.star VALUES (8, NULL, 8, NULL, NULL, 11);
INSERT INTO public.star VALUES (9, NULL, 9, NULL, NULL, 12);
INSERT INTO public.star VALUES (10, NULL, 10, NULL, NULL, 13);
INSERT INTO public.star VALUES (11, NULL, 11, NULL, NULL, 14);
INSERT INTO public.star VALUES (12, NULL, 12, NULL, NULL, 15);
INSERT INTO public.star VALUES (13, NULL, 13, NULL, NULL, 16);
INSERT INTO public.star VALUES (14, NULL, 14, NULL, NULL, 17);
INSERT INTO public.star VALUES (15, NULL, 15, NULL, NULL, 18);
INSERT INTO public.star VALUES (16, NULL, 16, NULL, NULL, 19);
INSERT INTO public.star VALUES (17, NULL, 17, NULL, NULL, 20);
INSERT INTO public.star VALUES (18, NULL, 18, NULL, NULL, 21);
INSERT INTO public.star VALUES (19, NULL, 19, NULL, NULL, 22);
INSERT INTO public.star VALUES (20, NULL, 20, NULL, NULL, 23);


--
-- Name: galaxy_galaxy_id_seq; Type: SEQUENCE SET; Schema: public; Owner: freecodecamp
--

SELECT pg_catalog.setval('public.galaxy_galaxy_id_seq', 1, false);


--
-- Name: galaxy_int2_seq; Type: SEQUENCE SET; Schema: public; Owner: freecodecamp
--

SELECT pg_catalog.setval('public.galaxy_int2_seq', 6, true);


--
-- Name: moon_int1_seq; Type: SEQUENCE SET; Schema: public; Owner: freecodecamp
--

SELECT pg_catalog.setval('public.moon_int1_seq', 20, true);


--
-- Name: moon_int_seq; Type: SEQUENCE SET; Schema: public; Owner: freecodecamp
--

SELECT pg_catalog.setval('public.moon_int_seq', 11, true);


--
-- Name: moon_moon_id_seq; Type: SEQUENCE SET; Schema: public; Owner: freecodecamp
--

SELECT pg_catalog.setval('public.moon_moon_id_seq', 1, false);


--
-- Name: planet_int1_seq; Type: SEQUENCE SET; Schema: public; Owner: freecodecamp
--

SELECT pg_catalog.setval('public.planet_int1_seq', 20, true);


--
-- Name: planet_int_seq; Type: SEQUENCE SET; Schema: public; Owner: freecodecamp
--

SELECT pg_catalog.setval('public.planet_int_seq', 31, true);


--
-- Name: planet_planet_id_seq; Type: SEQUENCE SET; Schema: public; Owner: freecodecamp
--

SELECT pg_catalog.setval('public.planet_planet_id_seq', 15, true);


--
-- Name: rohit_int1_seq; Type: SEQUENCE SET; Schema: public; Owner: freecodecamp
--

SELECT pg_catalog.setval('public.rohit_int1_seq', 4, true);


--
-- Name: rohit_int2_seq; Type: SEQUENCE SET; Schema: public; Owner: freecodecamp
--

SELECT pg_catalog.setval('public.rohit_int2_seq', 4, true);


--
-- Name: rohit_int_seq; Type: SEQUENCE SET; Schema: public; Owner: freecodecamp
--

SELECT pg_catalog.setval('public.rohit_int_seq', 4, true);


--
-- Name: rohit_rohit_id_seq; Type: SEQUENCE SET; Schema: public; Owner: freecodecamp
--

SELECT pg_catalog.setval('public.rohit_rohit_id_seq', 1, false);


--
-- Name: star_int1_seq; Type: SEQUENCE SET; Schema: public; Owner: freecodecamp
--

SELECT pg_catalog.setval('public.star_int1_seq', 23, true);


--
-- Name: star_star_id_seq; Type: SEQUENCE SET; Schema: public; Owner: freecodecamp
--

SELECT pg_catalog.setval('public.star_star_id_seq', 1, false);


--
-- Name: galaxy galaxy_galaxy_id_key; Type: CONSTRAINT; Schema: public; Owner: freecodecamp
--

ALTER TABLE ONLY public.galaxy
    ADD CONSTRAINT galaxy_galaxy_id_key UNIQUE (galaxy_id);


--
-- Name: galaxy galaxy_pkey; Type: CONSTRAINT; Schema: public; Owner: freecodecamp
--

ALTER TABLE ONLY public.galaxy
    ADD CONSTRAINT galaxy_pkey PRIMARY KEY (galaxy_id);


--
-- Name: galaxy galaxy_star_key; Type: CONSTRAINT; Schema: public; Owner: freecodecamp
--

ALTER TABLE ONLY public.galaxy
    ADD CONSTRAINT galaxy_star_key UNIQUE (star);


--
-- Name: moon moon_moon_id_key; Type: CONSTRAINT; Schema: public; Owner: freecodecamp
--

ALTER TABLE ONLY public.moon
    ADD CONSTRAINT moon_moon_id_key UNIQUE (moon_id);


--
-- Name: moon moon_pkey; Type: CONSTRAINT; Schema: public; Owner: freecodecamp
--

ALTER TABLE ONLY public.moon
    ADD CONSTRAINT moon_pkey PRIMARY KEY (moon_id);


--
-- Name: planet planet_int_key; Type: CONSTRAINT; Schema: public; Owner: freecodecamp
--

ALTER TABLE ONLY public.planet
    ADD CONSTRAINT planet_int_key UNIQUE ("int");


--
-- Name: planet planet_pkey; Type: CONSTRAINT; Schema: public; Owner: freecodecamp
--

ALTER TABLE ONLY public.planet
    ADD CONSTRAINT planet_pkey PRIMARY KEY (planet_id);


--
-- Name: planet planet_planet_id_key; Type: CONSTRAINT; Schema: public; Owner: freecodecamp
--

ALTER TABLE ONLY public.planet
    ADD CONSTRAINT planet_planet_id_key UNIQUE (planet_id);


--
-- Name: rohit rohit_name_key; Type: CONSTRAINT; Schema: public; Owner: freecodecamp
--

ALTER TABLE ONLY public.rohit
    ADD CONSTRAINT rohit_name_key UNIQUE (name);


--
-- Name: rohit rohit_pkey; Type: CONSTRAINT; Schema: public; Owner: freecodecamp
--

ALTER TABLE ONLY public.rohit
    ADD CONSTRAINT rohit_pkey PRIMARY KEY (rohit_id);


--
-- Name: star star_int_key; Type: CONSTRAINT; Schema: public; Owner: freecodecamp
--

ALTER TABLE ONLY public.star
    ADD CONSTRAINT star_int_key UNIQUE ("int");


--
-- Name: star star_pkey; Type: CONSTRAINT; Schema: public; Owner: freecodecamp
--

ALTER TABLE ONLY public.star
    ADD CONSTRAINT star_pkey PRIMARY KEY (star_id);


--
-- Name: star star_star_id_key; Type: CONSTRAINT; Schema: public; Owner: freecodecamp
--

ALTER TABLE ONLY public.star
    ADD CONSTRAINT star_star_id_key UNIQUE (star_id);


--
-- Name: moon moon_int_fkey; Type: FK CONSTRAINT; Schema: public; Owner: freecodecamp
--

ALTER TABLE ONLY public.moon
    ADD CONSTRAINT moon_int_fkey FOREIGN KEY ("int") REFERENCES public.planet("int");


--
-- Name: planet planet_int_fkey; Type: FK CONSTRAINT; Schema: public; Owner: freecodecamp
--

ALTER TABLE ONLY public.planet
    ADD CONSTRAINT planet_int_fkey FOREIGN KEY ("int") REFERENCES public.star("int");


--
-- Name: star star_star_fkey; Type: FK CONSTRAINT; Schema: public; Owner: freecodecamp
--

ALTER TABLE ONLY public.star
    ADD CONSTRAINT star_star_fkey FOREIGN KEY (star) REFERENCES public.galaxy(star);


--
-- PostgreSQL database dump complete
--

